{
  "config": {
    "issue": 4,
    "nodes": 100,
    "edge_prob": 0.06,
    "ticks": 80,
    "trials": 4,
    "seed_base": 70,
    "sampler_seed": 2026,
    "hotspot_start": 25,
    "hotspot_end": 55,
    "num_flows": 400,
    "base_demand": 0.2,
    "hotspot_share": 0.6,
    "burst_multiplier": 3.0,
    "link_capacity": 10.0,
    "link_delay": 1.0,
    "queue_capacity": 30.0,
    "pressure_gain": 1.8,
    "fail_tick": 30,
    "damage_hold_ticks": 8
  },
  "methods": {
    "snn_sra": {
      "trials": 4,
      "mean_mean_delivery_ratio": 0.9531084306524558,
      "min_mean_delivery_ratio": 0.913452128081835,
      "max_mean_delivery_ratio": 0.9958064516129035,
      "mean_min_delivery_ratio": 0.7914098857273921,
      "min_min_delivery_ratio": 0.5985010380543561,
      "max_min_delivery_ratio": 0.995,
      "mean_mean_loss_ratio": 0.04689156934754564,
      "min_mean_loss_ratio": 0.004193548387096802,
      "max_mean_loss_ratio": 0.08654787191816792,
      "mean_mean_delay": 3.090451754794689,
      "min_mean_delay": 2.9297611760490314,
      "max_mean_delay": 3.2696756590933402,
      "mean_max_link_utilization": 0.975,
      "min_max_link_utilization": 0.8999999999999998,
      "max_max_link_utilization": 1.0,
      "mean_mean_emitted_this_tick": 899.9677419354839,
      "min_mean_emitted_this_tick": 229.93548387096774,
      "max_mean_emitted_this_tick": 1703.6451612903227,
      "mean_peak_event_rate": 38946.0,
      "min_peak_event_rate": 32306.0,
      "max_peak_event_rate": 43060.0,
      "mean_pair_reachability_ratio": 1.0,
      "min_pair_reachability_ratio": 1.0,
      "max_pair_reachability_ratio": 1.0,
      "mean_total_emitted_updates": 261778.25,
      "min_total_emitted_updates": 205934.0,
      "max_total_emitted_updates": 311501.0,
      "mean_total_received_updates": 263648.25,
      "min_total_received_updates": 207264.0,
      "max_total_received_updates": 313533.0,
      "mean_total_fire_count": 43201.5,
      "min_total_fire_count": 38739.0,
      "max_total_fire_count": 47593.0
    },
    "ospf_te": {
      "trials": 4,
      "mean_mean_delivery_ratio": 0.9629683941793011,
      "min_mean_delivery_ratio": 0.9178610676060741,
      "max_mean_delivery_ratio": 0.9958064516129035,
      "mean_min_delivery_ratio": 0.8909609517498688,
      "min_min_delivery_ratio": 0.7522202039618203,
      "max_min_delivery_ratio": 0.995,
      "mean_mean_loss_ratio": 0.03703160582069976,
      "min_mean_loss_ratio": 0.004193548387096802,
      "max_mean_loss_ratio": 0.082138932393928,
      "mean_mean_delay": 3.0442547505288906,
      "min_mean_delay": 2.890326790193933,
      "max_mean_delay": 3.1759170010330253,
      "mean_max_link_utilization": 0.975,
      "min_max_link_utilization": 0.8999999999999998,
      "max_max_link_utilization": 1.0,
      "mean_mean_emitted_this_tick": 13144.629032258064,
      "min_mean_emitted_this_tick": 11758.645161290322,
      "max_mean_emitted_this_tick": 13815.225806451614,
      "mean_peak_event_rate": 58212.0,
      "min_peak_event_rate": 52074.0,
      "max_peak_event_rate": 61182.0,
      "mean_pair_reachability_ratio": 1.0,
      "min_pair_reachability_ratio": 1.0,
      "max_pair_reachability_ratio": 1.0,
      "mean_total_emitted_updates": 832330.75,
      "min_total_emitted_updates": 737382.0,
      "max_total_emitted_updates": 877729.0,
      "mean_total_received_updates": 820962.75,
      "min_total_received_updates": 727006.0,
      "max_total_received_updates": 865881.0,
      "mean_total_fire_count": 0.0,
      "min_total_fire_count": 0.0,
      "max_total_fire_count": 0.0
    },
    "te_ecmp": {
      "trials": 4,
      "mean_mean_delivery_ratio": 0.9675041239396049,
      "min_mean_delivery_ratio": 0.9406284151862672,
      "max_mean_delivery_ratio": 0.990319892473125,
      "mean_min_delivery_ratio": 0.9389709284363712,
      "min_min_delivery_ratio": 0.8668612791431747,
      "max_min_delivery_ratio": 0.9884583333333395,
      "mean_mean_loss_ratio": 0.03249587606040077,
      "min_mean_loss_ratio": 0.009680107526881787,
      "max_mean_loss_ratio": 0.05937158481373842,
      "mean_mean_delay": 3.0377802668748295,
      "min_mean_delay": 2.8884318855451716,
      "max_mean_delay": 3.157808248768404,
      "mean_max_link_utilization": 0.98625,
      "min_max_link_utilization": 0.9449999999999997,
      "max_max_link_utilization": 1.0,
      "mean_mean_emitted_this_tick": 24825.879032258064,
      "min_mean_emitted_this_tick": 20633.516129032258,
      "max_mean_emitted_this_tick": 26566.225806451614,
      "mean_peak_event_rate": 112674.5,
      "min_peak_event_rate": 91377.0,
      "max_peak_event_rate": 123355.0,
      "mean_pair_reachability_ratio": 1.0,
      "min_pair_reachability_ratio": 1.0,
      "max_pair_reachability_ratio": 1.0,
      "mean_total_emitted_updates": 1555377.0,
      "min_total_emitted_updates": 1268262.0,
      "max_total_emitted_updates": 1687360.0,
      "mean_total_received_updates": 1542135.5,
      "min_total_received_updates": 1256396.0,
      "max_total_received_updates": 1673291.0,
      "mean_total_fire_count": 0.0,
      "min_total_fire_count": 0.0,
      "max_total_fire_count": 0.0
    },
    "bandit": {
      "trials": 4,
      "mean_mean_delivery_ratio": 0.9507402401060485,
      "min_mean_delivery_ratio": 0.9165094898445497,
      "max_mean_delivery_ratio": 0.9906182795698925,
      "mean_min_delivery_ratio": 0.9122658131240492,
      "min_min_delivery_ratio": 0.8503598149748232,
      "max_min_delivery_ratio": 0.9750000000000001,
      "mean_mean_loss_ratio": 0.049259759893952274,
      "min_mean_loss_ratio": 0.00938172043010759,
      "max_mean_loss_ratio": 0.08349051015545184,
      "mean_mean_delay": 3.0202220995121447,
      "min_mean_delay": 2.8827839026740416,
      "max_mean_delay": 3.1590241753911865,
      "mean_max_link_utilization": 1.0,
      "min_max_link_utilization": 1.0,
      "max_max_link_utilization": 1.0,
      "mean_mean_emitted_this_tick": 18778.06451612903,
      "min_mean_emitted_this_tick": 16798.064516129034,
      "max_mean_emitted_this_tick": 19736.129032258064,
      "mean_peak_event_rate": 58212.0,
      "min_peak_event_rate": 52074.0,
      "max_peak_event_rate": 61182.0,
      "mean_pair_reachability_ratio": 1.0,
      "min_pair_reachability_ratio": 1.0,
      "max_pair_reachability_ratio": 1.0,
      "mean_total_emitted_updates": 1472662.75,
      "min_total_emitted_updates": 1310196.0,
      "max_total_emitted_updates": 1550731.0,
      "mean_total_received_updates": 1453454.75,
      "min_total_received_updates": 1292662.0,
      "max_total_received_updates": 1530713.0,
      "mean_total_fire_count": 0.0,
      "min_total_fire_count": 0.0,
      "max_total_fire_count": 0.0
    }
  },
  "comparisons": {
    "snn_beats_ospf_delivery_trials": 1,
    "snn_beats_te_ecmp_delivery_trials": 2,
    "snn_beats_bandit_delivery_trials": 2,
    "mean_snn_delivery_adv_vs_ospf": -0.009859963526845428,
    "mean_snn_delivery_adv_vs_te_ecmp": -0.014395693287149125,
    "mean_snn_delivery_adv_vs_bandit": 0.002368190546407245,
    "mean_snn_emitted_ratio_vs_ospf": 0.3130389362551112,
    "mean_snn_emitted_ratio_vs_te_ecmp": 0.1678907888011078,
    "mean_snn_emitted_ratio_vs_bandit": 0.17692648861002724
  }
}