{
  "config": {
    "issue": 4,
    "seeds": [
      131,
      132,
      133,
      134,
      135
    ],
    "jobs": 6
  },
  "sweep": {
    "w_edge": [
      0.8,
      1.0,
      1.2
    ],
    "w_self_pressure": [
      0.7,
      1.0,
      1.3
    ],
    "w_nh_pressure": [
      0.2,
      0.5,
      0.8
    ],
    "switch_guard": [
      0.25,
      0.45,
      0.65
    ],
    "rebound_guard": [
      0.15,
      0.35,
      0.55
    ],
    "ttl": [
      4,
      8,
      12
    ]
  },
  "summary": [
    {
      "parameter": "w_edge",
      "value": 0.8,
      "hotspot_burst_delivery_ratio_mean": 0.9170848212307353,
      "hotspot_burst_delivery_ratio_ci95": 0.05993586509187505,
      "hotspot_total_control_mb_mean": 6.913952,
      "hotspot_total_control_mb_ci95": 1.0024621374781026,
      "chaos_route_changes_per_node_mean": 101.518,
      "chaos_route_changes_per_node_ci95": 5.255587141167006,
      "chaos_total_control_mb_mean": 8.5623872,
      "chaos_total_control_mb_ci95": 1.6511486542016172,
      "chaos_peak_event_rate_mean": 29230.0,
      "chaos_peak_event_rate_ci95": 1860.3304662559285,
      "rebound_ratio_after_release_mean": 0.002505050505050505,
      "rebound_ratio_after_release_ci95": 0.0021243887325513478,
      "post_stage2_route_changes_mean": 0.0,
      "post_stage2_route_changes_ci95": 0.0
    },
    {
      "parameter": "w_edge",
      "value": 1.0,
      "hotspot_burst_delivery_ratio_mean": 0.9231109020801078,
      "hotspot_burst_delivery_ratio_ci95": 0.05996468445553274,
      "hotspot_total_control_mb_mean": 6.539308800000001,
      "hotspot_total_control_mb_ci95": 0.9272453642817878,
      "chaos_route_changes_per_node_mean": 102.546,
      "chaos_route_changes_per_node_ci95": 6.824219568097142,
      "chaos_total_control_mb_mean": 8.1132992,
      "chaos_total_control_mb_ci95": 1.455859472638016,
      "chaos_peak_event_rate_mean": 29230.0,
      "chaos_peak_event_rate_ci95": 1860.3304662559285,
      "rebound_ratio_after_release_mean": 0.002505050505050505,
      "rebound_ratio_after_release_ci95": 0.0021243887325513478,
      "post_stage2_route_changes_mean": 0.0,
      "post_stage2_route_changes_ci95": 0.0
    },
    {
      "parameter": "w_edge",
      "value": 1.2,
      "hotspot_burst_delivery_ratio_mean": 0.9248172948917214,
      "hotspot_burst_delivery_ratio_ci95": 0.05620533145164227,
      "hotspot_total_control_mb_mean": 5.505376,
      "hotspot_total_control_mb_ci95": 0.7675311419074039,
      "chaos_route_changes_per_node_mean": 101.28200000000001,
      "chaos_route_changes_per_node_ci95": 4.69318060747719,
      "chaos_total_control_mb_mean": 6.579295999999999,
      "chaos_total_control_mb_ci95": 1.1011867769403552,
      "chaos_peak_event_rate_mean": 29230.0,
      "chaos_peak_event_rate_ci95": 1860.3304662559285,
      "rebound_ratio_after_release_mean": 0.002505050505050505,
      "rebound_ratio_after_release_ci95": 0.0021243887325513478,
      "post_stage2_route_changes_mean": 0.0,
      "post_stage2_route_changes_ci95": 0.0
    },
    {
      "parameter": "w_self_pressure",
      "value": 0.7,
      "hotspot_burst_delivery_ratio_mean": 0.9174128243154753,
      "hotspot_burst_delivery_ratio_ci95": 0.06355645154718759,
      "hotspot_total_control_mb_mean": 6.545382399999999,
      "hotspot_total_control_mb_ci95": 0.9285308918661187,
      "chaos_route_changes_per_node_mean": 100.904,
      "chaos_route_changes_per_node_ci95": 4.165387831354963,
      "chaos_total_control_mb_mean": 7.6526848,
      "chaos_total_control_mb_ci95": 1.4140153849961101,
      "chaos_peak_event_rate_mean": 29241.0,
      "chaos_peak_event_rate_ci95": 1859.489817471448,
      "rebound_ratio_after_release_mean": 0.002505050505050505,
      "rebound_ratio_after_release_ci95": 0.0021243887325513478,
      "post_stage2_route_changes_mean": 0.0,
      "post_stage2_route_changes_ci95": 0.0
    },
    {
      "parameter": "w_self_pressure",
      "value": 1.0,
      "hotspot_burst_delivery_ratio_mean": 0.9231109020801078,
      "hotspot_burst_delivery_ratio_ci95": 0.05996468445553274,
      "hotspot_total_control_mb_mean": 6.539308800000001,
      "hotspot_total_control_mb_ci95": 0.9272453642817878,
      "chaos_route_changes_per_node_mean": 102.546,
      "chaos_route_changes_per_node_ci95": 6.824219568097142,
      "chaos_total_control_mb_mean": 8.1132992,
      "chaos_total_control_mb_ci95": 1.455859472638016,
      "chaos_peak_event_rate_mean": 29230.0,
      "chaos_peak_event_rate_ci95": 1860.3304662559285,
      "rebound_ratio_after_release_mean": 0.002505050505050505,
      "rebound_ratio_after_release_ci95": 0.0021243887325513478,
      "post_stage2_route_changes_mean": 0.0,
      "post_stage2_route_changes_ci95": 0.0
    },
    {
      "parameter": "w_self_pressure",
      "value": 1.3,
      "hotspot_burst_delivery_ratio_mean": 0.9218677529171041,
      "hotspot_burst_delivery_ratio_ci95": 0.062109311348759966,
      "hotspot_total_control_mb_mean": 6.6146176,
      "hotspot_total_control_mb_ci95": 0.9455782347660786,
      "chaos_route_changes_per_node_mean": 102.874,
      "chaos_route_changes_per_node_ci95": 7.371524823101387,
      "chaos_total_control_mb_mean": 7.998835199999999,
      "chaos_total_control_mb_ci95": 1.4518378988842402,
      "chaos_peak_event_rate_mean": 29230.0,
      "chaos_peak_event_rate_ci95": 1860.3304662559285,
      "rebound_ratio_after_release_mean": 0.002505050505050505,
      "rebound_ratio_after_release_ci95": 0.0021243887325513478,
      "post_stage2_route_changes_mean": 0.0,
      "post_stage2_route_changes_ci95": 0.0
    },
    {
      "parameter": "w_nh_pressure",
      "value": 0.2,
      "hotspot_burst_delivery_ratio_mean": 0.8866181248232954,
      "hotspot_burst_delivery_ratio_ci95": 0.06786743718394704,
      "hotspot_total_control_mb_mean": 6.5958592,
      "hotspot_total_control_mb_ci95": 0.7419886882087459,
      "chaos_route_changes_per_node_mean": 97.214,
      "chaos_route_changes_per_node_ci95": 1.5120685465943642,
      "chaos_total_control_mb_mean": 7.9561408,
      "chaos_total_control_mb_ci95": 1.2876576470548833,
      "chaos_peak_event_rate_mean": 29230.0,
      "chaos_peak_event_rate_ci95": 1860.3304662559285,
      "rebound_ratio_after_release_mean": 0.0,
      "rebound_ratio_after_release_ci95": 0.0,
      "post_stage2_route_changes_mean": 0.0,
      "post_stage2_route_changes_ci95": 0.0
    },
    {
      "parameter": "w_nh_pressure",
      "value": 0.5,
      "hotspot_burst_delivery_ratio_mean": 0.9231109020801078,
      "hotspot_burst_delivery_ratio_ci95": 0.05996468445553274,
      "hotspot_total_control_mb_mean": 6.539308800000001,
      "hotspot_total_control_mb_ci95": 0.9272453642817878,
      "chaos_route_changes_per_node_mean": 102.546,
      "chaos_route_changes_per_node_ci95": 6.824219568097142,
      "chaos_total_control_mb_mean": 8.1132992,
      "chaos_total_control_mb_ci95": 1.455859472638016,
      "chaos_peak_event_rate_mean": 29230.0,
      "chaos_peak_event_rate_ci95": 1860.3304662559285,
      "rebound_ratio_after_release_mean": 0.002505050505050505,
      "rebound_ratio_after_release_ci95": 0.0021243887325513478,
      "post_stage2_route_changes_mean": 0.0,
      "post_stage2_route_changes_ci95": 0.0
    },
    {
      "parameter": "w_nh_pressure",
      "value": 0.8,
      "hotspot_burst_delivery_ratio_mean": 0.9173920369594258,
      "hotspot_burst_delivery_ratio_ci95": 0.05899926803502925,
      "hotspot_total_control_mb_mean": 6.705331200000001,
      "hotspot_total_control_mb_ci95": 1.04488312583244,
      "chaos_route_changes_per_node_mean": 101.122,
      "chaos_route_changes_per_node_ci95": 4.097020775929748,
      "chaos_total_control_mb_mean": 8.290144000000002,
      "chaos_total_control_mb_ci95": 1.685764008496689,
      "chaos_peak_event_rate_mean": 29235.6,
      "chaos_peak_event_rate_ci95": 1859.871316692636,
      "rebound_ratio_after_release_mean": 0.002505050505050505,