{
  "config": {
    "issue": 4,
    "topology": "rgg",
    "nodes": 100,
    "edge_prob": 0.06,
    "ba_attach": 2,
    "geo_radius": 0.17,
    "ticks": 160,
    "seeds": [
      121,
      122,
      123,
      124,
      125
    ],
    "hotspot_node": 1,
    "hotspot_start": 40,
    "hotspot_end": 70,
    "num_flows": 400,
    "base_demand": 0.2,
    "hotspot_share": 0.6,
    "burst_multipliers": [
      2.0,
      3.0,
      4.0,
      5.0
    ],
    "link_capacity": 10.0,
    "link_delay": 1.0,
    "queue_capacity": 30.0,
    "pressure_gain": 1.8,
    "delivery_target": 0.9,
    "jobs": 8
  },
  "rows": [
    {
      "method": "snn_sra",
      "burst_multiplier": 2.0,
      "per_flow_load_to_capacity_ratio": 0.04,
      "delivery_mean": 0.6474410912458994,
      "delivery_ci95": 0.1514176171246822,
      "path_stretch_mean": 1.0394808864158485,
      "path_stretch_ci95": 0.03519545776572858,
      "control_bytes_mean": 10026560.0,
      "control_bytes_ci95": 4010712.186261878,
      "route_changes_per_node_mean": 140.878,
      "route_changes_per_node_ci95": 28.310366061752006,
      "burst_route_changes_mean": 118.70322580645161,
      "burst_route_changes_ci95": 77.31314952202895,
      "hotspot_relief_ms_mean": 774.0,
      "hotspot_relief_ms_ci95": 435.39360767011726,
      "quieting_ms_mean": 870.0,
      "quieting_ms_ci95": 39.199999999999996,
      "peak_pressure_mean": 0.993600000000001
    },
    {
      "method": "ospf_te",
      "burst_multiplier": 2.0,
      "per_flow_load_to_capacity_ratio": 0.04,
      "delivery_mean": 0.7503513905483901,
      "delivery_ci95": 0.14732757437871588,
      "path_stretch_mean": 1.0371366762062675,
      "path_stretch_ci95": 0.023848419783345304,
      "control_bytes_mean": 72965011.2,
      "control_bytes_ci95": 2608287.0045512617,
      "route_changes_per_node_mean": 584.058,
      "route_changes_per_node_ci95": 171.76914761618397,
      "burst_route_changes_mean": 491.51612903225805,
      "burst_route_changes_ci95": 79.64681846431802,
      "hotspot_relief_ms_mean": 342.0,
      "hotspot_relief_ms_ci95": 262.77160881647774,
      "quieting_ms_mean": 142.0,
      "quieting_ms_ci95": 167.04904190087413,
      "peak_pressure_mean": 0.8928
    },
    {
      "method": "triggered_te",
      "burst_multiplier": 2.0,
      "per_flow_load_to_capacity_ratio": 0.04,
      "delivery_mean": 0.6843836201708207,
      "delivery_ci95": 0.1371311369484089,
      "path_stretch_mean": 1.0342324843637232,
      "path_stretch_ci95": 0.018820518996735168,
      "control_bytes_mean": 75632646.4,
      "control_bytes_ci95": 5248822.290571385,
      "route_changes_per_node_mean": 188.346,
      "route_changes_per_node_ci95": 29.8490069901429,
      "burst_route_changes_mean": 129.3548387096774,
      "burst_route_changes_ci95": 39.92450608406059,
      "hotspot_relief_ms_mean": 800.0,
      "hotspot_relief_ms_ci95": 385.47773995394334,
      "quieting_ms_mean": 536.0,
      "quieting_ms_ci95": 327.47840478419334,
      "peak_pressure_mean": 0.8423999999999993
    },
    {
      "method": "te_ecmp",
      "burst_multiplier": 2.0,
      "per_flow_load_to_capacity_ratio": 0.04,
      "delivery_mean": 0.7314429576906385,
      "delivery_ci95": 0.16522877663874716,
      "path_stretch_mean": 1.0336546880874953,
      "path_stretch_ci95": 0.02383991438315325,
      "control_bytes_mean": 141202809.6,
      "control_bytes_ci95": 17819617.035268806,
      "route_changes_per_node_mean": 1130.324,
      "route_changes_per_node_ci95": 295.0302843392074,
      "burst_route_changes_mean": 1014.4193548387096,
      "burst_route_changes_ci95": 137.1966318004875,
      "hotspot_relief_ms_mean": 318.0,
      "hotspot_relief_ms_ci95": 163.79784613968522,
      "quieting_ms_mean": 224.0,
      "quieting_ms_ci95": 328.5324848473892,
      "peak_pressure_mean": 0.8527199999999999
    },
    {
      "method": "bandit",
      "burst_multiplier": 2.0,
      "per_flow_load_to_capacity_ratio": 0.04,
      "delivery_mean": 0.7116977778207823,
      "delivery_ci95": 0.16594690570593845,
      "path_stretch_mean": 1.0122046347928246,
      "path_stretch_ci95": 0.010201135494046458,
      "control_bytes_mean": 122673920.0,
      "control_bytes_ci95": 4003710.9761755066,
      "route_changes_per_node_mean": 5406.184,
      "route_changes_per_node_ci95": 850.5913410347378,
      "burst_route_changes_mean": 3086.316129032258,
      "burst_route_changes_ci95": 576.7536148066457,
      "hotspot_relief_ms_mean": 628.0,
      "hotspot_relief_ms_ci95": 470.82447514971017,
      "quieting_ms_mean": 390.0,
      "quieting_ms_ci95": 402.0628408594855,
      "peak_pressure_mean": 1.0368000000000008
    },
    {
      "method": "snn_sra",
      "burst_multiplier": 3.0,
      "per_flow_load_to_capacity_ratio": 0.06000000000000001,
      "delivery_mean": 0.5192823216014167,
      "delivery_ci95": 0.10389582981668352,
      "path_stretch_mean": 1.072339237691743,
      "path_stretch_ci95": 0.03856171981684717,
      "control_bytes_mean": 14862073.6,
      "control_bytes_ci95": 3902800.6454397067,
      "route_changes_per_node_mean": 180.9,
      "route_changes_per_node_ci95": 31.006265826635747,
      "burst_route_changes_mean": 230.21290322580643,
      "burst_route_changes_ci95": 88.89376065874426,
      "hotspot_relief_ms_mean": 890.0,
      "hotspot_relief_ms_ci95": 362.679450755071,
      "quieting_ms_mean": 890.0,
      "quieting_ms_ci95": 0.0,
      "peak_pressure_mean": 1.08
    },
    {
      "method": "ospf_te",
      "burst_multiplier": 3.0,
      "per_flow_load_to_capacity_ratio": 0.06000000000000001,
      "delivery_mean": 0.5546133546210659,
      "delivery_ci95": 0.13380146160979234,
      "path_stretch_mean": 1.0645862855365067,
      "path_stretch_ci95": 0.024189975153268827,
      "control_bytes_mean": 72965011.2,
      "control_bytes_ci95": 2608287.0045512617,
      "route_changes_per_node_mean": 664.4519999999999,
      "route_changes_per_node_ci95": 89.02229193107979,
      "burst_route_changes_mean": 656.2903225806451,
      "burst_route_changes_ci95": 97.26136799311314,
      "hotspot_relief_ms_mean": 636.0,
      "hotspot_relief_ms_ci95": 305.1311481969679,
      "quieting_ms_mean": 336.0,
      "quieting_ms_ci95": 305.1311481969679,
      "peak_pressure_mean": 1.08
    },
    {
      "method": "triggered_te",
      "burst_multiplier": 3.0,
      "per_flow_load_to_capacity_ratio": 0.06000000000000001,
      "delivery_mean": 0.5049640758450342,
      "delivery_ci95": 0.13479990384505394,
      "path_stretch_mean": 1.0561367709658134,
      "path_stretch_ci95": 0.026677781946601507,
      "control_bytes_mean": 75656915.2,
      "control_bytes_ci95": 2274633.3290645205,
      "route_changes_per_node_mean": 209.68800000000002,
      "route_changes_per_node_ci95": 25.23293175369045,
      "burst_route_changes_mean": 169.50967741935483,
      "burst_route_changes_ci95": 47.73028064784623,
      "hotspot_relief_ms_mean": 1054.0,
      "hotspot_relief_ms_ci95": 266.55999999999995,
      "quieting_ms_mean": 754.0,
      "quieting_ms_ci95": 266.55999999999995,
      "peak_pressure_mean": 0.9191999999999989
    },
    {
      "method": "te_ecmp",
      "burst_multiplier": 3.0,
      "per_flow_load_to_capacity_ratio": 0.06000000000000001,
      "delivery_mean": 0.5388817943955683,
      "delivery_ci95": 0.14134684953882448,
      "path_stretch_mean": 1.0523767530222046,
      "path_stretch_ci95": 0.020503664381816597,
      "control_bytes_mean": 130987475.2,
      "control_bytes_ci95": 14014080.368150871,
      "route_changes_per_node_mean": 1101.8619999999999,
      "route_changes_per_node_ci95": 241.13804139293822,
      "burst_route_changes_mean": 1084.2193548387097,
      "burst_route_changes_ci95": 162.72213123933633,
      "hotspot_relief_ms_mean": 724.0,
      "hotspot_relief_ms_ci95": 354.0825576048614,
      "quieting_ms_mean": 426.0,
      "quieting_ms_ci95": 356.3536580421197,