{
  "config": {
    "issue": 4,
    "topology": "er",
    "nodes": 100,
    "edge_prob": 0.06,
    "ba_attach": 2,
    "ticks": 160,
    "seeds": [
      121,
      122,
      123,
      124,
      125
    ],
    "hotspot_node": 1,
    "hotspot_start": 40,
    "hotspot_end": 70,
    "num_flows": 400,
    "base_demand": 0.2,
    "hotspot_share": 0.6,
    "burst_multipliers": [
      2.0,
      3.0,
      4.0,
      5.0
    ],
    "link_capacity": 10.0,
    "link_delay": 1.0,
    "queue_capacity": 30.0,
    "pressure_gain": 1.8,
    "delivery_target": 0.9,
    "jobs": 8
  },
  "rows": [
    {
      "method": "snn_sra",
      "burst_multiplier": 2.0,
      "per_flow_load_to_capacity_ratio": 0.04,
      "delivery_mean": 0.9268637857608946,
      "delivery_ci95": 0.017881763273533437,
      "path_stretch_mean": 1.0336116352943887,
      "path_stretch_ci95": 0.013238152534698172,
      "control_bytes_mean": 7625113.6,
      "control_bytes_ci95": 998629.6395053753,
      "route_changes_per_node_mean": 97.178,
      "route_changes_per_node_ci95": 1.0069403430193882,
      "burst_route_changes_mean": 13.258064516129034,
      "burst_route_changes_ci95": 3.7853729109457577,
      "hotspot_relief_ms_mean": 40.0,
      "hotspot_relief_ms_ci95": 20.55665342413497,
      "quieting_ms_mean": 748.0,
      "quieting_ms_ci95": 278.32,
      "peak_pressure_mean": 1.7856000000000005
    },
    {
      "method": "ospf_te",
      "burst_multiplier": 2.0,
      "per_flow_load_to_capacity_ratio": 0.04,
      "delivery_mean": 0.9957289642893391,
      "delivery_ci95": 0.008253628135780325,
      "path_stretch_mean": 1.0005352360565063,
      "path_stretch_ci95": 0.0010490626707523364,
      "control_bytes_mean": 59644473.6,
      "control_bytes_ci95": 2235676.398467682,
      "route_changes_per_node_mean": 146.552,
      "route_changes_per_node_ci95": 13.000940769282819,
      "burst_route_changes_mean": 36.19354838709677,
      "burst_route_changes_ci95": 33.87166430251499,
      "hotspot_relief_ms_mean": 4.0,
      "hotspot_relief_ms_ci95": 7.839999999999999,
      "quieting_ms_mean": 18.0,
      "quieting_ms_ci95": 11.428665713896788,
      "peak_pressure_mean": 0.13920000000000055
    },
    {
      "method": "triggered_te",
      "burst_multiplier": 2.0,
      "per_flow_load_to_capacity_ratio": 0.04,
      "delivery_mean": 0.9821430114363239,
      "delivery_ci95": 0.02127177882852434,
      "path_stretch_mean": 1.0159749979164432,
      "path_stretch_ci95": 0.023081371942349962,
      "control_bytes_mean": 53932371.2,
      "control_bytes_ci95": 2106749.4751459775,
      "route_changes_per_node_mean": 115.598,
      "route_changes_per_node_ci95": 2.124963628488732,
      "burst_route_changes_mean": 6.04516129032258,
      "burst_route_changes_ci95": 4.828506448413684,
      "hotspot_relief_ms_mean": 14.0,
      "hotspot_relief_ms_ci95": 27.44,
      "quieting_ms_mean": 16.0,
      "quieting_ms_ci95": 7.839999999999999,
      "peak_pressure_mean": 0.7416000000000016
    },
    {
      "method": "te_ecmp",
      "burst_multiplier": 2.0,
      "per_flow_load_to_capacity_ratio": 0.04,
      "delivery_mean": 0.9963185402763512,
      "delivery_ci95": 0.004501055174691345,
      "path_stretch_mean": 1.0,
      "path_stretch_ci95": 0.0,
      "control_bytes_mean": 115585248.0,
      "control_bytes_ci95": 6772671.115377866,
      "route_changes_per_node_mean": 222.416,
      "route_changes_per_node_ci95": 26.701138053229112,
      "burst_route_changes_mean": 54.16129032258065,
      "burst_route_changes_ci95": 67.73356772405032,
      "hotspot_relief_ms_mean": 0.0,
      "hotspot_relief_ms_ci95": 0.0,
      "quieting_ms_mean": 18.0,
      "quieting_ms_ci95": 11.428665713896788,
      "peak_pressure_mean": 0.11751999999999999
    },
    {
      "method": "bandit",
      "burst_multiplier": 2.0,
      "per_flow_load_to_capacity_ratio": 0.04,
      "delivery_mean": 0.9994184423201474,
      "delivery_ci95": 0.0006523172424263152,
      "path_stretch_mean": 1.0,
      "path_stretch_ci95": 0.0,
      "control_bytes_mean": 99582963.2,
      "control_bytes_ci95": 3649709.8851404586,
      "route_changes_per_node_mean": 6552.74,
      "route_changes_per_node_ci95": 301.7547022386494,
      "burst_route_changes_mean": 3918.0,
      "burst_route_changes_ci95": 172.31255458810438,
      "hotspot_relief_ms_mean": 0.0,
      "hotspot_relief_ms_ci95": 0.0,
      "quieting_ms_mean": 12.0,
      "quieting_ms_ci95": 3.9199999999999995,
      "peak_pressure_mean": 0.09840000000000033
    },
    {
      "method": "snn_sra",
      "burst_multiplier": 3.0,
      "per_flow_load_to_capacity_ratio": 0.06000000000000001,
      "delivery_mean": 0.936108955144495,
      "delivery_ci95": 0.014277652194483703,
      "path_stretch_mean": 1.0481140961939872,
      "path_stretch_ci95": 0.019002625218299735,
      "control_bytes_mean": 9507264.0,
      "control_bytes_ci95": 1385703.9464790497,
      "route_changes_per_node_mean": 99.90599999999999,
      "route_changes_per_node_ci95": 1.9136426650762164,
      "burst_route_changes_mean": 22.0258064516129,
      "burst_route_changes_ci95": 6.801298479196581,
      "hotspot_relief_ms_mean": 46.0,
      "hotspot_relief_ms_ci95": 4.800999895855029,
      "quieting_ms_mean": 890.0,
      "quieting_ms_ci95": 0.0,
      "peak_pressure_mean": 1.8
    },
    {
      "method": "ospf_te",
      "burst_multiplier": 3.0,
      "per_flow_load_to_capacity_ratio": 0.06000000000000001,
      "delivery_mean": 0.9730043915671651,
      "delivery_ci95": 0.008801177208863973,
      "path_stretch_mean": 1.0072894295850021,
      "path_stretch_ci95": 0.007133166141718436,
      "control_bytes_mean": 59644473.6,
      "control_bytes_ci95": 2235676.398467682,
      "route_changes_per_node_mean": 172.412,
      "route_changes_per_node_ci95": 6.593337454612803,
      "burst_route_changes_mean": 107.78064516129032,
      "burst_route_changes_ci95": 19.22611840578263,
      "hotspot_relief_ms_mean": 8.0,
      "hotspot_relief_ms_ci95": 9.601999791710059,
      "quieting_ms_mean": 18.0,
      "quieting_ms_ci95": 11.428665713896788,
      "peak_pressure_mean": 1.0583999999999993
    },
    {
      "method": "triggered_te",
      "burst_multiplier": 3.0,
      "per_flow_load_to_capacity_ratio": 0.06000000000000001,
      "delivery_mean": 0.9737499943164234,
      "delivery_ci95": 0.023054012188795332,
      "path_stretch_mean": 1.0312919628282697,
      "path_stretch_ci95": 0.026843428873698245,
      "control_bytes_mean": 54233529.6,
      "control_bytes_ci95": 1956853.4488794522,
      "route_changes_per_node_mean": 117.69800000000001,
      "route_changes_per_node_ci95": 1.892414256551667,
      "burst_route_changes_mean": 11.825806451612902,
      "burst_route_changes_ci95": 4.732594153907382,
      "hotspot_relief_ms_mean": 26.0,
      "hotspot_relief_ms_ci95": 26.002338356386336,
      "quieting_ms_mean": 16.0,
      "quieting_ms_ci95": 7.839999999999999,
      "peak_pressure_mean": 1.3079999999999996
    },
    {
      "method": "te_ecmp",
      "burst_multiplier": 3.0,
      "per_flow_load_to_capacity_ratio": 0.06000000000000001,
      "delivery_mean": 0.982149206069239,
      "delivery_ci95": 0.013007638512988763,
      "path_stretch_mean": 1.0041129285788288,
      "path_stretch_ci95": 0.004761199382442039,
      "control_bytes_mean": 115154310.4,
      "control_bytes_ci95": 6670575.026091364,
      "route_changes_per_node_mean": 242.32200000000003,
      "route_changes_per_node_ci95": 27.150726514154268,
      "burst_route_changes_mean": 104.32903225806452,
      "burst_route_changes_ci95": 63.02099741379993,
      "hotspot_relief_ms_mean": 8.0,
      "hotspot_relief_ms_ci95": 9.601999791710059,
      "quieting_ms_mean": 18.0,
      "quieting_ms_ci95": 11.428665713896788,
      "peak_pressure_mean": 0.6761199999999997
    },
    {
      "method": "bandit",
      "burst_multiplier": 3.0,
      "per_flow_load_to_capacity_ratio": 0.06000000000000001,