method,0 hop,1 hop,2 hops,3+ hops
SNN-SRA,16.025624907203856,83.97437509279615,0.0,0.0
OSPF-TE (T=5),1.0,13.0,48.0,38.0
