bucket,snn_sra,ospf_te_t5
0 hop,11.733717119274035,1.0952380952380953
1 hop,88.26628288072597,12.857142857142858
2 hops,0.0,48.0
3+ hops,0.0,38.047619047619044
