scenario,method,runs,delivery_mean,delivery_ci95,goodput_mbps_mean,delay_ms_mean,route_changes_mean,tail_switches_mean,logical_control_mb_mean,ns3_control_tx_mb_mean,flows_mean,edges_mean
hotspot,neura,5,0.9790534000000001,0.03252738132647163,11.5178212,18.3320282,10.6,0.6,0.0018495999999999999,0.003468,10.0,65.8
hotspot,triggered_te,5,0.9829506,0.026641192537565146,11.5636666,18.637826999999998,21.6,11.6,0.0037375999999999998,0.007008,10.0,65.8
hotspot,ospf_te,5,0.9987892,0.0023731680000000015,11.749995199999999,11.6078132,29.2,12.0,0.472192,0.88536,10.0,65.8
repeated,neura,5,0.9573,0.06659777665444995,11.2619062,29.4740908,12.0,1.4,0.0020223999999999997,0.0037920000000000002,10.0,65.8
repeated,triggered_te,5,0.9659012,0.053282385075130244,11.3630934,31.8893892,43.2,23.2,0.0074751999999999996,0.014016,10.0,65.8
repeated,ospf_te,5,0.9982882,0.0033551279999999933,11.7441008,15.1646848,60.8,25.2,0.477248,0.89484,10.0,65.8
